{
    "cog": {
        "X": -1.4916676020277864,
        "Y": 1.4266736964641307,
        "Z": 31.65116929640245
    },
    "file": "hana_swimsuit_fv_solid_v1.gcode",
    "slicer_translation": {
        "X": 0,
        "Y": 0,
        "Z": 0
    },
    "stl_cog": {
        "X": -1.4916676020277864,
        "Y": 1.4266736964641307,
        "Z": 31.65116929640245
    }
}