{
    "cog": {
        "X": -1.4875118630550934, 
        "Y": 1.4495417530311943, 
        "Z": 31.690019380290476
    }, 
    "file": "hana_swimsuit_fv_solid_v1.gcode", 
    "slicer_translation": {
        "X": 100.0, 
        "Y": 100.0, 
        "Z": -0.0
    }, 
    "stl_cog": {
        "X": -101.48751186305509, 
        "Y": -98.5504582469688, 
        "Z": 31.690019380290476
    }
}